name,code,url,updatedAt,gasDayStart,gasInStorage,consumption,consumptionFull,injection,withdrawal,netWithdrawal,workingGasVolume,injectionCapacity,withdrawalCapacity,contractedCapacity,availableCapacity,coveredCapacity,status,trend,full,info
Poland,PL,PL,2022-03-08 00:00:00,2022-03-07,21.5925,206.2,10.47,104.21,0.0,-104.2,35.7879,345.03,595.86,-,-,-,C,0.29,60.33,[]
Poland,PL,PL,2022-03-09 00:00:00,2022-03-08,21.6327,206.2,10.49,92.22,52.0,-40.3,35.7879,345.03,595.86,-,-,-,C,0.11,60.45,[]
Poland,PL,PL,2022-03-10 00:00:00,2022-03-09,21.7008,206.2,10.52,97.84,29.7,-68.1,35.7879,345.03,595.86,-,-,-,C,0.19,60.64,[]
Poland,PL,PL,2022-03-11 00:00:00,2022-03-10,21.7564,206.2,10.55,96.55,41.0,-55.5,35.7879,345.03,595.86,-,-,-,C,0.16,60.79,[]
Poland,PL,PL,2022-03-12 00:00:00,2022-03-11,21.8081,206.2,10.58,97.75,46.0,-51.7,35.7879,345.03,595.86,-,-,-,C,0.14,60.94,[]
Poland,PL,PL,2022-03-13 00:00:00,2022-03-12,21.8715,206.2,10.61,98.83,35.4,-63.5,35.7879,345.03,595.86,-,-,-,C,0.18,61.11,[]
Poland,PL,PL,2022-03-14 00:00:00,2022-03-13,21.9829,206.2,10.66,111.31,0.0,-111.3,35.7879,345.03,595.86,-,-,-,C,0.31,61.43,[]
Poland,PL,PL,2022-03-15 00:00:00,2022-03-14,22.0143,206.2,10.68,31.65,0.2,-31.4,35.7879,345.03,595.86,-,-,-,C,0.09,61.51,[]
Poland,PL,PL,2022-03-16 00:00:00,2022-03-15,22.03,206.2,10.68,15.98,0.2,-15.7,35.7879,345.03,595.86,-,-,-,C,0.04,61.56,[]
Poland,PL,PL,2022-03-17 00:00:00,2022-03-16,22.0493,206.2,10.69,20.34,1.1,-19.3,35.7879,345.03,595.86,-,-,-,C,0.05,61.61,[]
Poland,PL,PL,2022-03-18 00:00:00,2022-03-17,22.0389,206.2,10.69,0.0,10.4,10.4,35.7879,345.03,595.86,-,-,-,C,-0.03,61.58,[]
Poland,PL,PL,2022-03-19 00:00:00,2022-03-18,22.0781,206.2,10.71,39.42,0.2,-39.2,35.7879,345.03,595.86,-,-,-,C,0.11,61.69,[]
Poland,PL,PL,2022-03-20 00:00:00,2022-03-19,22.1444,206.2,10.74,66.57,0.2,-66.3,35.7879,345.03,595.86,-,-,-,C,0.19,61.88,[]
Poland,PL,PL,2022-03-21 00:00:00,2022-03-20,22.1489,206.2,10.74,43.92,39.4,-4.5,35.7879,345.03,595.86,-,-,-,C,0.01,61.89,[]
Poland,PL,PL,2022-03-22 00:00:00,2022-03-21,22.1686,206.2,10.75,44.12,24.4,-19.7,35.7879,345.03,595.86,-,-,-,C,0.06,61.94,[]
Poland,PL,PL,2022-03-23 00:00:00,2022-03-22,22.2606,206.2,10.8,92.24,0.2,-92,35.7879,345.03,595.86,-,-,-,C,0.26,62.2,[]
Poland,PL,PL,2022-03-24 00:00:00,2022-03-23,22.3861,206.2,10.86,125.78,0.2,-125.5,35.7879,345.03,595.86,-,-,-,C,0.35,62.55,[]
Poland,PL,PL,2022-03-25 00:00:00,2022-03-24,22.4649,206.2,10.89,84.27,5.5,-78.7,35.7879,345.03,595.86,-,-,-,C,0.22,62.77,[]
Poland,PL,PL,2022-03-26 00:00:00,2022-03-25,22.5862,206.2,10.95,165.55,44.3,-121.3,35.7879,345.03,595.86,-,-,-,C,0.34,63.11,[]
Poland,PL,PL,2022-03-27 00:00:00,2022-03-26,22.7606,206.2,11.04,174.41,0.0,-174.4,35.7879,345.03,595.86,-,-,-,C,0.49,63.6,[]
Poland,PL,PL,2022-03-28 00:00:00,2022-03-27,22.9179,206.2,11.11,167.18,9.9,-157.3,35.7879,345.03,595.86,-,-,-,C,0.44,64.04,[]
Poland,PL,PL,2022-03-29 00:00:00,2022-03-28,23.083,206.2,11.19,177.79,12.7,-165.1,35.7879,345.03,595.86,-,-,-,C,0.46,64.5,[]
Poland,PL,PL,2022-03-30 00:00:00,2022-03-29,23.18,206.2,11.24,170.74,73.7,-97,35.7879,345.03,595.86,-,-,-,C,0.27,64.77,[]
Poland,PL,PL,2022-03-31 00:00:00,2022-03-30,23.2631,206.2,11.28,163.36,80.3,-83.1,35.7879,345.03,595.86,-,-,-,C,0.23,65,[]
Poland,PL,PL,2022-04-01 00:00:00,2022-03-31,23.2908,206.2,11.3,128.96,101.3,-27.6,35.7879,345.03,595.86,-,-,-,C,0.08,65.08,[]
Poland,PL,PL,2022-04-02 00:00:00,2022-04-01,23.27,206.2,11.29,15.65,36.4,20.7,35.7879,345.03,595.86,-,-,-,C,-0.06,65.02,[]
Poland,PL,PL,2022-04-03 00:00:00,2022-04-02,23.3474,206.2,11.32,77.38,0.0,-77.4,35.7879,345.03,595.86,-,-,-,C,0.22,65.24,[]
Poland,PL,PL,2022-04-04 00:00:00,2022-04-03,23.4388,206.2,11.37,91.42,0.0,-91.4,35.7879,345.03,595.86,-,-,-,C,0.26,65.49,[]
Poland,PL,PL,2022-04-05 00:00:00,2022-04-04,23.5074,206.2,11.4,68.53,0.0,-68.5,35.7879,345.03,595.86,-,-,-,C,0.19,65.69,[]
Poland,PL,PL,2022-04-06 00:00:00,2022-04-05,23.5542,206.2,11.42,46.85,0.0,-46.8,35.7879,345.03,595.86,-,-,-,C,0.13,65.82,[]
Poland,PL,PL,2022-04-07 00:00:00,2022-04-06,23.5608,206.2,11.43,67.33,60.7,-6.6,35.7879,345.03,595.86,-,-,-,C,0.02,65.83,[]
Poland,PL,PL,2022-04-08 00:00:00,2022-04-07,23.6501,206.2,11.47,89.22,0.0,-89.2,35.7879,345.03,595.86,-,-,-,C,0.25,66.08,[]
Poland,PL,PL,2022-04-09 00:00:00,2022-04-08,23.7148,206.2,11.5,77.32,12.6,-64.7,35.7879,345.03,595.86,-,-,-,C,0.18,66.26,[]
Poland,PL,PL,2022-04-10 00:00:00,2022-04-09,23.781,206.2,11.53,77.26,11.0,-66.3,35.7879,345.03,595.86,-,-,-,C,0.18,66.45,[]
Poland,PL,PL,2022-04-11 00:00:00,2022-04-10,23.8233,206.2,11.55,77.25,35.0,-42.3,35.7879,345.03,595.86,-,-,-,C,0.12,66.57,[]
Poland,PL,PL,2022-04-12 00:00:00,2022-04-11,23.9039,206.2,11.59,175.58,95.0,-80.6,35.7879,345.03,595.86,-,-,-,C,0.23,66.79,[]
Poland,PL,PL,2022-04-13 00:00:00,2022-04-12,24.0907,206.2,11.68,188.85,2.0,-186.8,35.7879,345.03,595.86,-,-,-,C,0.52,67.32,[]
Poland,PL,PL,2023-03-29 15:25:03,2022-04-13,24.3046,206.2,11.79,214.47,0.0,-214.5,35.7879,345.03,595.86,-,-,-,C,0.6,67.91,[]
Poland,PL,PL,2022-04-15 00:00:00,2022-04-14,24.4474,206.2,11.86,174.19,32.0,-142.2,35.7879,345.03,595.86,-,-,-,C,0.4,68.31,[]
Poland,PL,PL,2022-04-16 00:00:00,2022-04-15,25.3535,206.2,12.3,226.93,0.0,-226.9,36.4103,345.03,595.86,-,-,-,C,2.49,69.63,[]
Poland,PL,PL,2022-04-17 00:00:00,2022-04-16,25.513,206.2,12.37,192.21,32.7,-159.5,36.4103,345.03,595.86,-,-,-,C,0.44,70.07,[]
Poland,PL,PL,2022-04-18 00:00:00,2022-04-17,25.7389,206.2,12.48,225.91,0.0,-225.9,36.4103,345.03,595.86,-,-,-,C,0.62,70.69,[]
Poland,PL,PL,2022-04-19 00:00:00,2022-04-18,25.9901,206.2,12.6,251.27,0.0,-251.3,36.4103,345.03,595.86,-,-,-,C,0.69,71.38,[]
Poland,PL,PL,2022-04-20 00:00:00,2022-04-19,26.2019,206.2,12.71,211.74,0.0,-211.7,36.4103,345.03,595.86,-,-,-,C,0.58,71.96,[]
Poland,PL,PL,2022-04-21 00:00:00,2022-04-20,26.3851,206.2,12.8,194.27,11.0,-183.3,36.4103,345.03,595.86,-,-,-,C,0.5,72.47,[]
Poland,PL,PL,2022-04-22 00:00:00,2022-04-21,26.6149,206.2,12.91,229.7,0.0,-229.7,36.4103,345.03,595.86,-,-,-,C,0.63,73.1,[]
Poland,PL,PL,2022-04-23 00:00:00,2022-04-22,26.8681,206.2,13.03,253.28,0.0,-253.3,36.4103,345.03,595.86,-,-,-,C,0.7,73.79,[]
Poland,PL,PL,2022-04-24 00:00:00,2022-04-23,27.1328,206.2,13.16,264.64,0.0,-264.6,36.4103,345.03,595.86,-,-,-,C,0.73,74.52,[]
Poland,PL,PL,2022-04-25 00:00:00,2022-04-24,27.4096,206.2,13.29,276.84,0.0,-276.8,36.4103,345.03,595.86,-,-,-,C,0.76,75.28,[]
Poland,PL,PL,2022-04-26 00:00:00,2022-04-25,27.6538,206.2,13.41,244.19,0.0,-244.2,36.4103,345.03,595.86,-,-,-,C,0.67,75.95,[]
Poland,PL,PL,2022-04-27 00:00:00,2022-04-26,27.8395,206.2,13.5,185.75,0.0,-185.7,36.4103,345.03,595.86,-,-,-,C,0.51,76.46,[]
Poland,PL,PL,2022-04-28 00:00:00,2022-04-27,27.9978,206.2,13.58,158.26,0.0,-158.3,36.4103,345.03,595.86,-,-,-,C,0.43,76.9,[]
Poland,PL,PL,2022-04-29 00:00:00,2022-04-28,28.1868,206.2,13.67,188.99,0.0,-189,36.4103,345.03,595.86,-,-,-,C,0.52,77.41,[]
Poland,PL,PL,2022-04-30 00:00:00,2022-04-29,28.3804,206.2,13.76,193.57,0.0,-193.6,36.4103,345.03,595.86,-,-,-,C,0.53,77.95,[]
Poland,PL,PL,2022-05-01 00:00:00,2022-04-30,28.6143,206.2,13.88,233.96,0.0,-234,36.4103,345.03,595.86,-,-,-,C,0.64,78.59,[]
Poland,PL,PL,2022-05-02 00:00:00,2022-05-01,28.9044,206.2,14.02,290.04,0.0,-290,36.4103,345.03,595.86,-,-,-,C,0.8,79.39,[]
Poland,PL,PL,2022-05-03 00:00:00,2022-05-02,29.1783,206.2,14.15,273.94,0.0,-273.9,36.4103,345.03,595.86,-,-,-,C,0.75,80.14,[]
Poland,PL,PL,2022-05-04 00:00:00,2022-05-03,29.4796,206.2,14.3,301.29,0.0,-301.3,36.4103,345.03,595.86,-,-,-,C,0.83,80.96,[]
Poland,PL,PL,2022-05-05 00:00:00,2022-05-04,29.6459,206.2,14.38,234.76,68.4,-166.4,36.4103,345.03,595.86,-,-,-,C,0.46,81.42,[]
Poland,PL,PL,2022-05-06 00:00:00,2022-05-05,29.8265,206.2,14.46,234.97,54.4,-180.6,36.4103,345.03,595.86,-,-,-,C,0.5,81.92,[]
Poland,PL,PL,2022-05-07 00:00:00,2022-05-06,30.022,206.2,14.56,232.03,36.5,-195.5,36.4103,345.03,595.86,-,-,-,C,0.54,82.45,[]
Poland,PL,PL,2022-05-08 00:00:00,2022-05-07,30.2277,206.2,14.66,229.92,24.3,-205.7,36.4103,345.03,595.86,-,-,-,C,0.56,83.02,[]
Poland,PL,PL,2022-05-09 00:00:00,2022-05-08,30.4393,206.2,14.76,224.95,13.3,-211.7,36.4103,345.03,595.86,-,-,-,C,0.58,83.6,[]
Poland,PL,PL,2022-05-10 00:00:00,2022-05-09,30.6847,206.2,14.88,245.37,0.0,-245.4,36.4103,345.03,595.86,-,-,-,C,0.67,84.27,[]
Poland,PL,PL,2022-05-11 00:00:00,2022-05-10,30.9367,206.2,15.0,251.98,0.0,-252,36.4103,345.03,595.86,-,-,-,C,0.69,84.97,[]
Poland,PL,PL,2022-05-12 00:00:00,2022-05-11,31.1422,206.2,15.1,224.88,19.4,-205.5,36.4103,345.03,595.86,-,-,-,C,0.56,85.53,[]
Poland,PL,PL,2022-05-13 00:00:00,2022-05-12,31.3289,206.2,15.19,224.82,38.1,-186.8,36.4103,345.03,595.86,-,-,-,C,0.51,86.04,[]
Poland,PL,PL,2022-05-14 00:00:00,2022-05-13,31.5214,206.2,15.29,224.85,32.4,-192.5,36.4103,345.03,595.86,-,-,-,C,0.53,86.57,[]
Poland,PL,PL,2022-05-15 00:00:00,2022-05-14,31.7502,206.2,15.4,228.77,0.0,-228.8,36.4103,345.03,595.86,-,-,-,C,0.63,87.2,[]
Poland,PL,PL,2022-05-16 00:00:00,2022-05-15,31.9971,206.2,15.52,246.96,0.0,-247,36.4103,345.03,595.86,-,-,-,C,0.68,87.88,[]
Poland,PL,PL,2022-05-17 00:00:00,2022-05-16,32.2389,206.2,15.63,241.76,0.0,-241.8,36.4103,345.03,595.86,-,-,-,C,0.66,88.54,[]
Poland,PL,PL,2022-05-18 00:00:00,2022-05-17,32.4386,206.2,15.73,225.02,25.3,-199.7,36.4103,345.03,595.86,-,-,-,C,0.55,89.09,[]
Poland,PL,PL,2022-05-19 00:00:00,2022-05-18,32.6559,206.2,15.84,217.31,0.0,-217.3,36.4103,345.03,595.86,-,-,-,C,0.6,89.69,[]
Poland,PL,PL,2022-05-20 00:00:00,2022-05-19,32.861,206.2,15.94,215.99,10.9,-205.1,36.4103,345.03,595.86,-,-,-,C,0.56,90.25,[]
Poland,PL,PL,2022-05-21 00:00:00,2022-05-20,33.0453,206.2,16.03,216.06,31.7,-184.3,36.4103,345.03,595.86,-,-,-,C,0.51,90.76,[]
Poland,PL,PL,2022-05-22 00:00:00,2022-05-21,33.2646,206.2,16.13,219.3,0.0,-219.3,36.4103,345.03,595.86,-,-,-,C,0.6,91.36,[]
Poland,PL,PL,2022-05-23 00:00:00,2022-05-22,33.4718,206.2,16.23,217.54,10.3,-207.2,36.4103,345.03,595.86,-,-,-,C,0.57,91.93,[]
Poland,PL,PL,2022-05-24 00:00:00,2022-05-23,33.715,206.2,16.35,243.13,0.0,-243.1,36.4103,345.03,595.86,-,-,-,C,0.67,92.6,[]
Poland,PL,PL,2022-05-25 00:00:00,2022-05-24,33.9212,206.2,16.45,206.23,0.0,-206.2,36.4103,345.03,595.86,-,-,-,C,0.57,93.16,[]
Poland,PL,PL,2022-05-26 00:00:00,2022-05-25,34.1024,206.2,16.54,195.19,14.0,-181.2,36.4103,345.03,595.86,-,-,-,C,0.5,93.66,[]
Poland,PL,PL,2022-05-27 00:00:00,2022-05-26,34.1929,206.2,16.58,105.48,14.9,-90.6,36.4103,345.03,595.86,-,-,-,C,0.25,93.91,[]
Poland,PL,PL,2022-05-28 00:00:00,2022-05-27,34.265,206.2,16.62,72.05,0.0,-72.1,36.4103,345.03,595.86,-,-,-,C,0.2,94.11,[]
Poland,PL,PL,2022-05-29 00:00:00,2022-05-28,34.3265,206.2,16.65,61.49,0.0,-61.5,36.4103,345.03,595.86,-,-,-,C,0.17,94.28,[]
Poland,PL,PL,2022-05-30 00:00:00,2022-05-29,34.3864,206.2,16.68,59.9,0.0,-59.9,36.4103,345.03,595.86,-,-,-,C,0.16,94.44,[]
Poland,PL,PL,2022-05-31 00:00:00,2022-05-30,34.3936,206.2,16.68,53.23,46.0,-7.2,36.4103,345.03,595.86,-,-,-,C,0.02,94.46,[]
Poland,PL,PL,2022-06-01 00:00:00,2022-05-31,34.4484,206.2,16.71,54.79,0.0,-54.8,36.4103,345.03,595.86,-,-,-,C,0.15,94.61,[]
Poland,PL,PL,2022-06-02 00:00:00,2022-06-01,34.5161,206.2,16.74,67.71,0.0,-67.7,36.4103,345.03,595.86,-,-,-,C,0.19,94.8,[]
Poland,PL,PL,2022-06-03 00:00:00,2022-06-02,34.55,206.2,16.76,52.28,18.4,-33.9,36.4103,345.03,595.86,-,-,-,C,0.09,94.89,[]
Poland,PL,PL,2022-06-04 00:00:00,2022-06-03,34.6218,206.2,16.79,71.83,0.0,-71.8,36.4103,345.03,595.86,-,-,-,C,0.2,95.09,[]
Poland,PL,PL,2022-06-05 00:00:00,2022-06-04,34.7123,206.2,16.83,90.51,0.0,-90.5,36.4103,345.03,595.86,-,-,-,C,0.25,95.34,[]
Poland,PL,PL,2022-06-06 00:00:00,2022-06-05,34.7933,206.2,16.87,80.96,0.0,-81,36.4103,345.03,595.86,-,-,-,C,0.22,95.56,[]
Poland,PL,PL,2022-06-07 00:00:00,2022-06-06,34.8798,206.2,16.92,86.57,0.0,-86.6,36.4103,345.03,595.86,-,-,-,C,0.24,95.8,[]
Poland,PL,PL,2022-06-08 00:00:00,2022-06-07,34.8487,206.2,16.9,47.59,78.7,31.1,36.4103,345.03,595.86,-,-,-,C,-0.09,95.71,[]
Poland,PL,PL,2022-06-09 00:00:00,2022-06-08,34.8519,206.2,16.9,53.59,50.4,-3.1,36.4103,345.03,595.86,-,-,-,C,0.01,95.72,[]
Poland,PL,PL,2022-06-10 00:00:00,2022-06-09,34.8861,206.2,16.92,52.4,18.2,-34.2,36.4103,345.03,595.86,-,-,-,C,0.09,95.81,[]
Poland,PL,PL,2022-06-11 00:00:00,2022-06-10,34.948,206.2,16.95,61.83,0.0,-61.8,36.4103,345.03,595.86,-,-,-,C,0.17,95.98,[]
Poland,PL,PL,2022-06-12 00:00:00,2022-06-11,35.0091,206.2,16.98,61.19,0.0,-61.2,36.4103,345.03,595.86,-,-,-,C,0.17,96.15,[]
Poland,PL,PL,2022-06-13 00:00:00,2022-06-12,35.0722,206.2,17.01,63.1,0.0,-63.1,36.4103,345.03,595.86,-,-,-,C,0.17,96.33,[]
Poland,PL,PL,2022-06-14 00:00:00,2022-06-13,35.114,206.2,17.03,59.51,17.8,-41.7,36.4103,345.03,595.86,-,-,-,C,0.11,96.44,[]
Poland,PL,PL,2022-06-15 00:00:00,2022-06-14,35.1731,206.2,17.06,59.13,0.0,-59.1,36.4103,345.03,595.86,-,-,-,C,0.16,96.6,[]
Poland,PL,PL,2022-06-16 00:00:00,2022-06-15,35.2498,206.2,17.09,76.71,0.0,-76.7,36.4103,345.03,595.86,-,-,-,C,0.21,96.81,[]
Poland,PL,PL,2022-06-17 00:00:00,2022-06-16,35.3418,206.2,17.14,92.02,0.0,-92,36.4103,345.03,595.86,-,-,-,C,0.25,97.07,[]
Poland,PL,PL,2022-06-18 00:00:00,2022-06-17,35.4316,206.2,17.18,89.73,0.0,-89.7,36.4103,345.03,595.86,-,-,-,C,0.25,97.31,[]
Poland,PL,PL,2022-06-19 00:00:00,2022-06-18,35.4132,206.2,17.17,54.81,73.2,18.4,36.4103,345.03,595.86,-,-,-,C,-0.05,97.26,[]
Poland,PL,PL,2022-06-20 00:00:00,2022-06-19,35.3967,206.2,17.17,54.7,71.2,16.5,36.4103,345.03,595.86,-,-,-,C,-0.05,97.22,[]
Poland,PL,PL,2022-06-21 00:00:00,2022-06-20,35.3231,206.2,17.13,53.76,127.4,73.6,36.4103,345.03,595.86,-,-,-,C,-0.2,97.01,[]
Poland,PL,PL,2022-06-22 00:00:00,2022-06-21,35.3212,206.2,17.13,53.44,55.4,1.9,36.4103,345.03,595.86,-,-,-,C,-0.01,97.01,[]
Poland,PL,PL,2022-06-23 00:00:00,2022-06-22,35.3093,206.2,17.12,15.17,27.1,11.9,36.4103,345.03,595.86,-,-,-,C,-0.03,96.98,[]
Poland,PL,PL,2022-06-24 00:00:00,2022-06-23,35.2966,206.2,17.12,13.36,26.0,12.7,36.4103,345.03,595.86,-,-,-,C,-0.03,96.94,[]
Poland,PL,PL,2022-06-25 00:00:00,2022-06-24,35.2893,206.2,17.11,11.65,19.0,7.3,36.4103,345.03,595.86,-,-,-,C,-0.02,96.92,[]
Poland,PL,PL,2022-06-26 00:00:00,2022-06-25,35.3176,206.2,17.13,28.34,0.0,-28.3,36.4103,345.03,595.86,-,-,-,C,0.08,97,[]
Poland,PL,PL,2022-06-27 00:00:00,2022-06-26,35.3497,206.2,17.14,32.14,0.0,-32.1,36.4103,345.03,595.86,-,-,-,C,0.09,97.09,[]
Poland,PL,PL,2022-06-28 00:00:00,2022-06-27,35.3772,206.2,17.16,27.44,0.0,-27.4,36.4103,345.03,595.86,-,-,-,C,0.08,97.16,[]
Poland,PL,PL,2022-06-29 00:00:00,2022-06-28,35.4118,206.2,17.17,34.64,0.0,-34.6,36.4103,345.03,595.86,-,-,-,C,0.1,97.26,[]
Poland,PL,PL,2022-06-30 00:00:00,2022-06-29,35.4481,206.2,17.19,36.23,0.0,-36.2,36.4103,345.03,595.86,-,-,-,C,0.1,97.36,[]
Poland,PL,PL,2022-07-01 00:00:00,2022-06-30,35.4789,206.2,17.21,30.89,0.0,-30.9,36.4103,345.03,595.86,-,-,-,C,0.08,97.44,[]
Poland,PL,PL,2022-07-02 00:00:00,2022-07-01,35.478,206.2,17.21,0.0,0.9,0.9,36.4103,345.03,595.86,-,-,-,C,-0,97.44,[]
Poland,PL,PL,2022-07-03 00:00:00,2022-07-02,35.4848,206.2,17.21,6.77,0.0,-6.8,36.4103,345.03,595.86,-,-,-,C,0.02,97.46,[]
Poland,PL,PL,2022-07-04 00:00:00,2022-07-03,35.4885,206.2,17.21,3.71,0.0,-3.7,36.4103,345.03,595.86,-,-,-,C,0.01,97.47,[]
Poland,PL,PL,2022-07-05 00:00:00,2022-07-04,35.4866,206.2,17.21,0.26,2.1,1.9,36.4103,345.03,595.86,-,-,-,C,-0.01,97.46,[]
Poland,PL,PL,2022-07-06 00:00:00,2022-07-05,35.4661,206.2,17.2,0.34,20.9,20.5,36.4103,345.03,595.86,-,-,-,C,-0.06,97.41,[]
Poland,PL,PL,2022-07-07 00:00:00,2022-07-06,35.4479,206.2,17.19,0.07,18.2,18.2,36.4103,345.03,595.86,-,-,-,C,-0.05,97.36,[]
Poland,PL,PL,2022-07-08 00:00:00,2022-07-07,35.4468,206.2,17.19,0.34,1.5,1.1,36.4103,345.03,595.86,-,-,-,C,-0,97.35,[]
Poland,PL,PL,2022-07-09 00:00:00,2022-07-08,35.3415,206.2,17.14,0.07,105.4,105.3,36.4103,345.03,595.86,-,-,-,C,-0.29,97.06,[]
Poland,PL,PL,2022-07-10 00:00:00,2022-07-09,35.402,206.2,17.17,65.19,4.7,-60.5,36.4103,345.03,595.86,-,-,-,C,0.17,97.23,[]
Poland,PL,PL,2022-07-11 00:00:00,2022-07-10,35.4667,206.2,17.2,64.73,0.0,-64.7,36.4103,345.03,595.86,-,-,-,C,0.18,97.41,[]
Poland,PL,PL,2022-07-12 00:00:00,2022-07-11,35.5095,206.2,17.22,45.78,3.0,-42.8,36.4103,345.03,595.86,-,-,-,C,0.12,97.53,[]
Poland,PL,PL,2022-07-13 00:00:00,2022-07-12,35.5211,206.2,17.23,11.97,0.5,-11.5,36.4103,345.03,595.86,-,-,-,C,0.03,97.56,[]
Poland,PL,PL,2022-07-14 00:00:00,2022-07-13,35.5345,206.2,17.23,13.78,0.4,-13.4,36.4103,345.03,595.86,-,-,-,C,0.04,97.59,[]
Poland,PL,PL,2022-07-15 00:00:00,2022-07-14,35.5678,206.2,17.25,33.3,0.0,-33.3,36.4103,345.03,595.86,-,-,-,C,0.09,97.69,[]
Poland,PL,PL,2022-07-16 00:00:00,2022-07-15,35.5967,206.2,17.26,36.36,7.4,-29,36.4103,345.03,595.86,-,-,-,C,0.08,97.77,[]
Poland,PL,PL,2022-07-17 00:00:00,2022-07-16,35.6388,206.2,17.28,42.06,0.0,-42.1,36.4103,345.03,595.86,-,-,-,C,0.12,97.88,[]
Poland,PL,PL,2022-07-18 00:00:00,2022-07-17,35.678,206.2,17.3,39.18,0.0,-39.2,36.4103,345.03,595.86,-,-,-,C,0.11,97.99,[]
Poland,PL,PL,2022-07-19 00:00:00,2022-07-18,35.7021,206.2,17.31,26.41,2.3,-24.1,36.4103,345.03,595.86,-,-,-,C,0.07,98.05,[]
Poland,PL,PL,2022-07-20 00:00:00,2022-07-19,35.733,206.2,17.33,30.9,0.0,-30.9,36.4103,345.03,595.86,-,-,-,C,0.08,98.14,[]
Poland,PL,PL,2022-07-21 00:00:00,2022-07-20,35.757,206.2,17.34,23.99,0.0,-24,36.4103,345.03,595.86,-,-,-,C,0.07,98.21,[]
Poland,PL,PL,2022-07-22 00:00:00,2022-07-21,35.7817,206.2,17.35,24.73,0.0,-24.7,36.4103,345.03,595.86,-,-,-,C,0.07,98.27,[]
Poland,PL,PL,2022-07-23 00:00:00,2022-07-22,35.7981,206.2,17.36,16.45,0.0,-16.5,36.4103,345.03,595.86,-,-,-,C,0.05,98.32,[]
Poland,PL,PL,2022-07-24 00:00:00,2022-07-23,35.8381,206.2,17.38,39.97,0.0,-40,36.4103,345.03,595.86,-,-,-,C,0.11,98.43,[]
Poland,PL,PL,2022-07-25 00:00:00,2022-07-24,35.8819,206.2,17.4,43.78,0.0,-43.8,36.4103,345.03,595.86,-,-,-,C,0.12,98.55,[]
Poland,PL,PL,2022-07-26 00:00:00,2022-07-25,35.9169,206.2,17.42,35.8,0.8,-35,36.4103,345.03,595.86,-,-,-,C,0.1,98.64,[]
Poland,PL,PL,2022-07-27 00:00:00,2022-07-26,35.9205,206.2,17.42,3.72,0.2,-3.6,36.4103,345.03,595.86,-,-,-,C,0.01,98.65,[]
Poland,PL,PL,2022-07-28 00:00:00,2022-07-27,35.9146,206.2,17.42,0.0,5.8,5.8,36.4103,345.03,595.86,-,-,-,C,-0.02,98.64,[]
Poland,PL,PL,2022-07-29 00:00:00,2022-07-28,35.9118,206.2,17.42,0.32,3.2,2.8,36.4103,345.03,595.86,-,-,-,C,-0.01,98.63,[]
Poland,PL,PL,2022-07-30 00:00:00,2022-07-29,35.9248,206.2,17.42,13.02,0.0,-13,36.4103,345.03,595.86,-,-,-,C,0.04,98.67,[]
Poland,PL,PL,2022-07-31 00:00:00,2022-07-30,35.93,206.2,17.42,5.51,0.3,-5.2,36.4103,345.03,595.86,-,-,-,C,0.01,98.68,[]
Poland,PL,PL,2022-08-01 00:00:00,2022-07-31,35.9511,206.2,17.44,21.26,0.2,-21,36.4103,345.03,595.86,-,-,-,C,0.06,98.74,[]
Poland,PL,PL,2022-08-02 00:00:00,2022-08-01,36.0135,206.2,17.47,62.4,0.0,-62.4,36.4103,345.03,595.86,-,-,-,C,0.17,98.91,[]
Poland,PL,PL,2022-08-03 00:00:00,2022-08-02,36.0819,206.2,17.5,68.4,0.0,-68.4,36.4103,345.03,595.86,-,-,-,C,0.19,99.1,[]
Poland,PL,PL,2022-08-04 00:00:00,2022-08-03,36.0963,206.2,17.51,14.42,0.0,-14.4,36.4103,345.03,595.86,-,-,-,C,0.04,99.14,[]
Poland,PL,PL,2022-08-05 00:00:00,2022-08-04,36.1009,206.2,17.51,4.65,0.0,-4.6,36.4103,345.03,595.86,-,-,-,C,0.01,99.15,[]
Poland,PL,PL,2022-08-06 00:00:00,2022-08-05,36.1102,206.2,17.51,9.3,0.0,-9.3,36.4103,345.03,595.86,-,-,-,C,0.03,99.18,[]
Poland,PL,PL,2022-08-07 00:00:00,2022-08-06,36.0976,206.2,17.51,1.79,14.4,12.6,36.4103,345.03,595.86,-,-,-,C,-0.03,99.14,[]
Poland,PL,PL,2022-08-08 00:00:00,2022-08-07,36.0837,206.2,17.5,1.51,15.5,14,36.4103,345.03,595.86,-,-,-,C,-0.04,99.1,[]
Poland,PL,PL,2022-08-09 00:00:00,2022-08-08,36.0755,206.2,17.5,1.72,9.8,8.1,36.4103,345.03,595.86,-,-,-,C,-0.02,99.08,[]
Poland,PL,PL,2022-08-10 00:00:00,2022-08-09,36.0623,206.2,17.49,8.61,21.8,13.2,36.4103,345.03,595.86,-,-,-,C,-0.04,99.04,[]
Poland,PL,PL,2022-08-11 00:00:00,2022-08-10,36.0465,206.2,17.48,9.42,25.3,15.9,36.4103,345.03,595.86,-,-,-,C,-0.04,99,[]
Poland,PL,PL,2022-08-12 00:00:00,2022-08-11,36.0621,206.2,17.49,15.67,0.0,-15.7,36.4103,345.03,595.86,-,-,-,C,0.04,99.04,[]
Poland,PL,PL,2022-08-13 00:00:00,2022-08-12,36.0941,206.2,17.5,31.95,0.0,-31.9,36.4103,345.03,595.86,-,-,-,C,0.09,99.13,[]
Poland,PL,PL,2022-08-14 00:00:00,2022-08-13,36.072,206.2,17.49,1.63,23.7,22.1,36.4103,345.03,595.86,-,-,-,C,-0.06,99.07,[]
Poland,PL,PL,2022-08-15 00:00:00,2022-08-14,36.0585,206.2,17.49,1.63,15.1,13.5,36.4103,345.03,595.86,-,-,-,C,-0.04,99.03,[]
Poland,PL,PL,2022-08-16 00:00:00,2022-08-15,36.0589,206.2,17.49,1.63,1.2,-0.4,36.4103,345.03,595.86,-,-,-,C,0,99.03,[]
Poland,PL,PL,2022-08-17 00:00:00,2022-08-16,36.065,206.2,17.49,6.12,0.0,-6.1,36.4103,345.03,595.86,-,-,-,C,0.02,99.05,[]
Poland,PL,PL,2022-08-18 00:00:00,2022-08-17,36.0683,206.2,17.49,5.7,2.5,-3.2,36.4103,345.03,595.86,-,-,-,C,0.01,99.06,[]
Poland,PL,PL,2022-08-19 00:00:00,2022-08-18,36.0941,206.2,17.5,25.87,0.0,-25.9,36.4103,345.03,595.86,-,-,-,C,0.07,99.13,[]
Poland,PL,PL,2022-08-20 00:00:00,2022-08-19,36.1357,206.2,17.52,41.57,0.0,-41.6,36.4103,345.03,595.86,-,-,-,C,0.11,99.25,[]
Poland,PL,PL,2022-08-21 00:00:00,2022-08-20,36.1752,206.2,17.54,39.54,0.0,-39.5,36.4103,345.03,595.86,-,-,-,C,0.11,99.35,[]
Poland,PL,PL,2022-08-22 00:00:00,2022-08-21,36.215,206.2,17.56,39.75,0.0,-39.7,36.4103,345.03,595.86,-,-,-,C,0.11,99.46,[]
Poland,PL,PL,2022-08-23 00:00:00,2022-08-22,36.2542,206.2,17.58,39.22,0.0,-39.2,36.4103,345.03,595.86,-,-,-,C,0.11,99.57,[]
Poland,PL,PL,2022-08-24 00:00:00,2022-08-23,36.2498,206.2,17.58,0.0,4.4,4.4,36.4103,345.03,595.86,-,-,-,C,-0.01,99.56,[]
Poland,PL,PL,2022-08-25 00:00:00,2022-08-24,36.2561,206.2,17.58,6.34,0.0,-6.3,36.4103,345.03,595.86,-,-,-,C,0.02,99.58,[]
Poland,PL,PL,2022-08-26 00:00:00,2022-08-25,36.2675,206.2,17.59,11.36,0.0,-11.4,36.4103,345.03,595.86,-,-,-,C,0.03,99.61,[]
Poland,PL,PL,2022-08-27 00:00:00,2022-08-26,36.2571,206.2,17.58,0.98,11.4,10.4,36.4103,345.03,595.86,-,-,-,C,-0.03,99.58,[]
Poland,PL,PL,2022-08-28 00:00:00,2022-08-27,36.2512,206.2,17.58,2.06,7.9,5.8,36.4103,345.03,595.86,-,-,-,C,-0.02,99.56,[]
Poland,PL,PL,2022-08-29 00:00:00,2022-08-28,36.2718,206.2,17.59,20.55,0.0,-20.5,36.4103,345.03,595.86,-,-,-,C,0.06,99.62,[]
Poland,PL,PL,2022-08-30 00:00:00,2022-08-29,36.2434,206.2,17.58,1.39,29.8,28.4,36.4103,345.03,595.86,-,-,-,C,-0.08,99.54,[]
Poland,PL,PL,2022-08-31 00:00:00,2022-08-30,36.1995,206.2,17.56,0.7,44.5,43.8,36.4103,345.03,595.86,-,-,-,C,-0.12,99.42,[]
Poland,PL,PL,2022-09-01 00:00:00,2022-08-31,36.1548,206.2,17.53,2.5,47.3,44.8,36.4103,345.03,595.86,-,-,-,C,-0.12,99.3,[]
Poland,PL,PL,2022-09-02 00:00:00,2022-09-01,36.0847,206.2,17.5,0.07,70.1,70.1,36.4103,345.03,595.86,-,-,-,C,-0.19,99.11,[]
Poland,PL,PL,2022-09-03 00:00:00,2022-09-02,36.0383,206.2,17.48,0.17,46.5,46.4,36.4103,345.03,595.86,-,-,-,C,-0.13,98.98,[]
Poland,PL,PL,2022-09-04 00:00:00,2022-09-03,36.0788,206.2,17.5,40.47,0.0,-40.5,36.4103,345.03,595.86,-,-,-,C,0.11,99.09,[]
Poland,PL,PL,2022-09-05 00:00:00,2022-09-04,36.1126,206.2,17.51,33.82,0.0,-33.8,36.4103,345.03,595.86,-,-,-,C,0.09,99.18,[]
Poland,PL,PL,2022-09-06 00:00:00,2022-09-05,36.1319,206.2,17.52,19.29,0.0,-19.3,36.4103,345.03,595.86,-,-,-,C,0.05,99.24,[]
Poland,PL,PL,2022-09-07 00:00:00,2022-09-06,36.1363,206.2,17.52,4.63,0.2,-4.4,36.4103,345.03,595.86,-,-,-,C,0.01,99.25,[]
Poland,PL,PL,2022-09-08 00:00:00,2022-09-07,36.1521,206.2,17.53,15.75,0.0,-15.8,36.4103,345.03,595.86,-,-,-,C,0.04,99.29,[]
Poland,PL,PL,2022-09-09 00:00:00,2022-09-08,36.0909,206.2,17.5,0.47,61.6,61.2,36.4103,345.03,595.86,-,-,-,C,-0.17,99.12,[]
Poland,PL,PL,2022-09-10 00:00:00,2022-09-09,36.0855,206.2,17.5,1.31,6.7,5.4,36.4103,345.03,595.86,-,-,-,C,-0.01,99.11,[]
Poland,PL,PL,2022-09-11 00:00:00,2022-09-10,36.095,206.2,17.5,9.51,0.0,-9.5,36.4103,345.03,595.86,-,-,-,C,0.03,99.13,[]
Poland,PL,PL,2022-09-12 00:00:00,2022-09-11,36.0992,206.2,17.51,4.15,0.0,-4.1,36.4103,345.03,595.86,-,-,-,C,0.01,99.15,[]
Poland,PL,PL,2022-09-13 00:00:00,2022-09-12,36.0946,206.2,17.5,1.0,5.6,4.6,36.4103,345.03,595.86,-,-,-,C,-0.01,99.13,[]
Poland,PL,PL,2022-09-14 00:00:00,2022-09-13,36.0642,206.2,17.49,0.47,30.9,30.4,36.4103,345.03,595.86,-,-,-,C,-0.08,99.05,[]
Poland,PL,PL,2022-09-15 00:00:00,2022-09-14,36.0228,206.2,17.47,0.47,41.9,41.4,36.4103,345.03,595.86,-,-,-,C,-0.11,98.94,[]
Poland,PL,PL,2022-09-16 00:00:00,2022-09-15,35.9737,206.2,17.45,0.47,49.5,49.1,36.4103,345.03,595.86,-,-,-,C,-0.13,98.8,[]
Poland,PL,PL,2022-09-17 00:00:00,2022-09-16,35.937,206.2,17.43,0.69,37.4,36.7,36.4103,345.03,595.86,-,-,-,C,-0.1,98.7,[]
Poland,PL,PL,2022-09-18 00:00:00,2022-09-17,35.9074,206.2,17.41,0.58,30.2,29.7,36.4103,345.03,595.86,-,-,-,C,-0.08,98.62,[]
Poland,PL,PL,2022-09-19 00:00:00,2022-09-18,35.8795,206.2,17.4,0.71,28.6,27.9,36.4103,345.03,595.86,-,-,-,C,-0.08,98.54,[]
Poland,PL,PL,2022-09-20 00:00:00,2022-09-19,35.8018,206.2,17.36,0.15,77.9,77.7,36.4103,345.03,595.86,-,-,-,C,-0.21,98.33,[]
Poland,PL,PL,2022-09-21 00:00:00,2022-09-20,35.7989,206.2,17.36,0.33,3.2,2.9,36.4103,345.03,595.86,-,-,-,C,-0.01,98.32,[]
Poland,PL,PL,2022-09-22 00:00:00,2022-09-21,35.7189,206.2,17.32,0.85,80.8,80,36.4103,345.03,595.86,-,-,-,C,-0.22,98.1,[]
Poland,PL,PL,2022-09-23 00:00:00,2022-09-22,35.6961,206.2,17.31,0.17,23.0,22.8,36.4103,345.03,595.86,-,-,-,C,-0.06,98.04,[]
Poland,PL,PL,2022-09-24 00:00:00,2022-09-23,35.6929,206.2,17.31,1.19,4.4,3.2,36.4103,345.03,595.86,-,-,-,C,-0.01,98.03,[]
Poland,PL,PL,2022-09-25 00:00:00,2022-09-24,35.6919,206.2,17.31,0.53,1.5,1,36.4103,345.03,595.86,-,-,-,C,-0,98.03,[]
Poland,PL,PL,2022-09-26 00:00:00,2022-09-25,35.6808,206.2,17.3,0.53,11.6,11.1,36.4103,345.03,595.86,-,-,-,C,-0.03,98,[]
Poland,PL,PL,2022-09-27 00:00:00,2022-09-26,35.6587,206.2,17.29,0.18,22.2,22.1,36.4103,345.03,595.86,-,-,-,C,-0.06,97.94,[]
Poland,PL,PL,2022-09-28 00:00:00,2022-09-27,35.663,206.2,17.3,4.26,0.0,-4.3,36.4103,345.03,595.86,-,-,-,C,0.01,97.95,[]
Poland,PL,PL,2022-09-29 00:00:00,2022-09-28,35.7121,206.2,17.32,49.07,0.0,-49.1,36.4103,345.03,595.86,-,-,-,C,0.13,98.08,[]
Poland,PL,PL,2022-09-30 00:00:00,2022-09-29,35.758,206.2,17.34,45.97,0.0,-46,36.4103,345.03,595.86,-,-,-,C,0.13,98.21,[]
Poland,PL,PL,2022-10-01 00:00:00,2022-09-30,35.7994,206.2,17.36,46.85,5.5,-41.4,36.4103,345.03,595.86,-,-,-,C,0.11,98.32,[]
Poland,PL,PL,2022-10-02 00:00:00,2022-10-01,35.8064,206.2,17.36,6.95,0.0,-6.9,36.4103,345.03,595.86,-,-,-,C,0.02,98.34,[]
Poland,PL,PL,2022-10-03 00:00:00,2022-10-02,35.8064,206.2,17.36,14.25,14.2,-0.1,36.4103,345.03,595.86,-,-,-,C,0,98.34,[]
Poland,PL,PL,2022-10-04 00:00:00,2022-10-03,35.7164,206.2,17.32,0.1,90.2,90.1,36.4103,345.03,595.86,-,-,-,C,-0.25,98.09,[]
Poland,PL,PL,2022-10-05 00:00:00,2022-10-04,35.6922,206.2,17.31,0.07,24.2,24.2,36.4103,345.03,595.86,-,-,-,C,-0.07,98.03,[]
Poland,PL,PL,2022-10-06 00:00:00,2022-10-05,35.7099,206.2,17.32,17.68,0.0,-17.7,36.4103,345.03,595.86,-,-,-,C,0.05,98.08,[]
Poland,PL,PL,2022-10-07 00:00:00,2022-10-06,35.7308,206.2,17.33,20.91,0.0,-20.9,36.4103,345.03,595.86,-,-,-,C,0.06,98.13,[]
Poland,PL,PL,2022-10-08 00:00:00,2022-10-07,35.762,206.2,17.34,31.18,0.0,-31.2,36.4103,345.03,595.86,-,-,-,C,0.09,98.22,[]
Poland,PL,PL,2022-10-09 00:00:00,2022-10-08,35.7897,206.2,17.36,27.71,0.0,-27.7,36.4103,345.03,595.86,-,-,-,C,0.08,98.3,[]
Poland,PL,PL,2022-10-10 00:00:00,2022-10-09,35.8192,206.2,17.37,29.51,0.0,-29.5,36.4103,345.03,595.86,-,-,-,C,0.08,98.38,[]
Poland,PL,PL,2022-10-11 00:00:00,2022-10-10,35.8442,206.2,17.38,25.01,0.0,-25,36.4103,345.03,595.86,-,-,-,C,0.07,98.45,[]
Poland,PL,PL,2022-10-12 00:00:00,2022-10-11,35.846,206.2,17.38,1.76,0.0,-1.8,36.4103,345.03,595.86,-,-,-,C,0,98.45,[]
Poland,PL,PL,2022-10-13 00:00:00,2022-10-12,35.833,206.2,17.38,0.0,12.9,12.9,36.4103,345.03,595.86,-,-,-,C,-0.04,98.41,[]
Poland,PL,PL,2022-10-14 00:00:00,2022-10-13,35.8073,206.2,17.37,0.03,25.8,25.7,36.4103,345.03,595.86,-,-,-,C,-0.07,98.34,[]
Poland,PL,PL,2022-10-15 00:00:00,2022-10-14,35.7917,206.2,17.36,0.08,15.7,15.6,36.4103,345.03,595.86,-,-,-,C,-0.04,98.3,[]
Poland,PL,PL,2022-10-16 00:00:00,2022-10-15,35.8012,206.2,17.36,9.45,0.0,-9.5,36.4103,345.03,595.86,-,-,-,C,0.03,98.33,[]
Poland,PL,PL,2022-10-17 00:00:00,2022-10-16,35.8264,206.2,17.37,25.2,0.0,-25.2,36.4103,345.03,595.86,-,-,-,C,0.07,98.4,[]
Poland,PL,PL,2022-10-18 00:00:00,2022-10-17,35.8498,206.2,17.39,23.42,0.0,-23.4,36.4103,345.03,595.86,-,-,-,C,0.06,98.46,[]
Poland,PL,PL,2022-10-19 00:00:00,2022-10-18,35.8936,206.2,17.41,43.83,0.0,-43.8,36.4103,345.03,595.86,-,-,-,C,0.12,98.58,[]
Poland,PL,PL,2022-10-20 00:00:00,2022-10-19,35.8821,206.2,17.4,0.0,11.5,11.5,36.4103,345.03,595.86,-,-,-,C,-0.03,98.55,[]
Poland,PL,PL,2022-10-21 00:00:00,2022-10-20,35.8158,206.2,17.37,0.0,66.3,66.3,36.4103,345.03,595.86,-,-,-,C,-0.18,98.37,[]
Poland,PL,PL,2022-10-22 00:00:00,2022-10-21,35.7541,206.2,17.34,0.0,61.7,61.7,36.4103,345.03,595.86,-,-,-,C,-0.17,98.2,[]
Poland,PL,PL,2022-10-23 00:00:00,2022-10-22,35.724,206.2,17.32,0.0,30.1,30.1,36.4103,345.03,595.86,-,-,-,C,-0.08,98.12,[]
Poland,PL,PL,2022-10-24 00:00:00,2022-10-23,35.7009,206.2,17.31,0.0,23.1,23.1,36.4103,345.03,595.86,-,-,-,C,-0.06,98.05,[]
Poland,PL,PL,2022-10-25 00:00:00,2022-10-24,35.6892,206.2,17.31,0.0,11.7,11.7,36.4103,345.03,595.86,-,-,-,C,-0.03,98.02,[]
Poland,PL,PL,2022-10-26 00:00:00,2022-10-25,35.6854,206.2,17.31,0.0,3.8,3.8,36.4103,345.03,595.86,-,-,-,C,-0.01,98.01,[]
Poland,PL,PL,2022-10-27 00:00:00,2022-10-26,35.6508,206.2,17.29,0.0,34.6,34.6,36.4103,345.03,595.86,-,-,-,C,-0.1,97.91,[]
Poland,PL,PL,2022-10-28 00:00:00,2022-10-27,35.6985,206.2,17.31,47.69,0.0,-47.7,36.4103,345.03,595.86,-,-,-,C,0.13,98.05,[]
Poland,PL,PL,2022-10-29 00:00:00,2022-10-28,35.7696,206.2,17.35,71.12,0.0,-71.1,36.4103,345.03,595.86,-,-,-,C,0.2,98.24,[]
Poland,PL,PL,2022-10-30 00:00:00,2022-10-29,35.8514,206.2,17.39,81.76,0.0,-81.8,36.4103,345.03,595.86,-,-,-,C,0.22,98.46,[]
Poland,PL,PL,2022-10-31 00:00:00,2022-10-30,35.9138,206.2,17.42,62.38,0.0,-62.4,36.4103,345.03,595.86,-,-,-,C,0.17,98.64,[]
Poland,PL,PL,2022-11-14 23:30:03,2022-10-31,35.9713,206.2,17.44,57.5,0.0,-57.5,36.4103,345.03,595.86,-,-,-,C,0.16,98.79,[]
Poland,PL,PL,2022-11-15 00:30:05,2022-11-01,36.0142,206.2,17.47,43.01,0.1,-42.9,36.4103,345.03,595.86,-,-,-,C,0.12,98.91,[]
Poland,PL,PL,2022-11-15 00:40:12,2022-11-02,35.9899,206.2,17.45,0.0,24.3,24.3,36.4103,345.03,595.86,-,-,-,C,-0.07,98.85,[]
Poland,PL,PL,2022-11-15 00:40:09,2022-11-03,35.9075,206.2,17.41,0.0,82.4,82.4,36.4103,345.03,595.86,-,-,-,C,-0.23,98.62,[]
Poland,PL,PL,2022-11-15 00:40:06,2022-11-04,35.8236,206.2,17.37,0.0,83.9,83.9,36.4103,345.03,595.86,-,-,-,C,-0.23,98.39,[]
Poland,PL,PL,2022-11-15 00:50:30,2022-11-05,35.834,206.2,17.38,20.61,10.2,-10.4,36.4103,345.03,595.86,-,-,-,C,0.03,98.42,[]
Poland,PL,PL,2022-11-15 00:50:10,2022-11-06,35.8202,206.2,17.37,0.0,13.8,13.8,36.4103,345.03,595.86,-,-,-,C,-0.04,98.38,[]
Poland,PL,PL,2022-11-15 00:50:20,2022-11-07,35.8107,206.2,17.37,0.0,9.6,9.6,36.4103,345.03,595.86,-,-,-,C,-0.03,98.35,[]
Poland,PL,PL,2022-11-15 00:50:27,2022-11-08,35.7407,206.2,17.33,0.0,70.0,70,36.4103,345.03,595.86,-,-,-,C,-0.19,98.16,[]
Poland,PL,PL,2022-11-15 00:50:17,2022-11-09,35.7729,206.2,17.35,42.26,10.0,-32.3,36.4103,345.03,595.86,-,-,-,C,0.09,98.25,[]
Poland,PL,PL,2022-11-15 00:50:33,2022-11-10,35.8292,206.2,17.38,66.28,10.0,-56.3,36.4103,345.03,595.86,-,-,-,C,0.15,98.4,[]
Poland,PL,PL,2022-11-15 00:50:07,2022-11-11,35.8535,206.2,17.39,34.27,10.0,-24.3,36.4103,345.03,595.86,-,-,-,C,0.07,98.47,[]
Poland,PL,PL,2022-11-15 00:50:23,2022-11-12,35.8819,206.2,17.4,38.37,10.0,-28.4,36.4103,345.03,595.86,-,-,-,C,0.08,98.55,[]
Poland,PL,PL,2022-11-15 00:50:13,2022-11-13,35.919,206.2,17.42,47.11,10.0,-37.1,36.4103,345.03,595.86,-,-,-,C,0.1,98.65,[]
Poland,PL,PL,2022-11-15 08:10:11,2022-11-14,35.9081,206.2,17.41,0.0,10.8,10.8,36.4103,345.03,595.86,-,-,-,C,-0.03,98.62,[]
Poland,PL,PL,2022-11-16 09:07:09,2022-11-15,35.8756,206.2,17.4,0.0,32.6,32.6,36.4103,345.03,595.86,-,-,-,C,-0.09,98.53,[]
Poland,PL,PL,2022-11-17 08:30:51,2022-11-16,35.8912,206.2,17.41,25.81,10.1,-15.7,36.4103,345.03,595.86,-,-,-,C,0.04,98.57,[]
Poland,PL,PL,2022-11-18 10:21:02,2022-11-17,35.8795,206.2,17.4,0.0,11.7,11.7,36.4103,345.03,595.86,-,-,-,C,-0.03,98.54,[]
Poland,PL,PL,2022-11-19 08:35:32,2022-11-18,35.8774,206.2,17.4,10.43,12.5,2.1,36.4103,345.03,595.86,-,-,-,C,-0.01,98.54,[]
Poland,PL,PL,2022-11-20 08:55:20,2022-11-19,35.8656,206.2,17.39,6.16,18.0,11.8,36.4103,345.03,595.86,-,-,-,C,-0.03,98.5,[]
Poland,PL,PL,2022-11-21 08:25:10,2022-11-20,35.8566,206.2,17.39,1.17,10.1,9,36.4103,345.03,595.86,-,-,-,C,-0.02,98.48,[]
Poland,PL,PL,2022-11-22 09:25:18,2022-11-21,35.8454,206.2,17.38,0.0,11.2,11.2,36.4103,345.03,595.86,-,-,-,C,-0.03,98.45,[]
Poland,PL,PL,2022-11-23 08:25:29,2022-11-22,35.8409,206.2,17.38,5.87,10.4,4.5,36.4103,345.03,595.86,-,-,-,C,-0.01,98.44,[]
Poland,PL,PL,2022-11-24 08:06:03,2022-11-23,35.8196,206.2,17.37,0.0,21.3,21.3,36.4103,345.03,595.86,-,-,-,C,-0.06,98.38,[]
Poland,PL,PL,2022-11-25 07:35:38,2022-11-24,35.794,206.2,17.36,0.0,25.6,25.6,36.4103,345.03,595.86,-,-,-,C,-0.07,98.31,[]
Poland,PL,PL,2022-11-26 07:50:08,2022-11-25,35.7547,206.2,17.34,0.0,39.4,39.4,36.4103,345.03,595.86,-,-,-,C,-0.11,98.2,[]
Poland,PL,PL,2022-11-27 08:20:29,2022-11-26,35.7617,206.2,17.34,17.4,10.3,-7.1,36.4103,345.03,595.86,-,-,-,C,0.02,98.22,[]
Poland,PL,PL,2022-11-28 09:05:10,2022-11-27,35.7734,206.2,17.35,22.73,11.0,-11.7,36.4103,345.03,595.86,-,-,-,C,0.03,98.25,[]
Poland,PL,PL,2022-11-29 08:30:09,2022-11-28,35.6484,206.2,17.29,0.0,125.1,125.1,36.4103,345.03,595.86,-,-,-,C,-0.34,97.91,[]
Poland,PL,PL,2022-11-30 09:20:39,2022-11-29,35.5373,206.2,17.23,0.0,111.0,111,36.4103,345.03,595.86,-,-,-,C,-0.31,97.6,[]
Poland,PL,PL,2022-12-13 00:10:33,2022-11-30,35.4431,206.2,17.19,0.0,94.2,94.2,36.4103,345.03,595.86,-,-,-,C,-0.26,97.34,[]
Poland,PL,PL,2022-12-13 00:10:24,2022-12-01,35.4305,206.2,17.18,0.0,12.6,12.6,36.4103,345.03,595.86,-,-,-,C,-0.03,97.31,[]
Poland,PL,PL,2022-12-13 00:10:48,2022-12-02,35.4063,206.2,17.17,0.0,24.2,24.2,36.4103,345.03,595.86,-,-,-,C,-0.07,97.24,[]
Poland,PL,PL,2022-12-13 00:10:19,2022-12-03,35.4006,206.2,17.17,3.9,9.5,5.6,36.4103,345.03,595.86,-,-,-,C,-0.02,97.23,[]
Poland,PL,PL,2022-12-13 00:10:26,2022-12-04,35.4437,206.2,17.19,52.52,9.4,-43.1,36.4103,345.03,595.86,-,-,-,C,0.12,97.35,[]
Poland,PL,PL,2022-12-13 00:20:27,2022-12-05,35.4371,206.2,17.19,17.16,23.8,6.6,36.4103,345.03,595.86,-,-,-,C,-0.02,97.33,[]
Poland,PL,PL,2022-12-13 00:20:17,2022-12-06,35.4169,206.2,17.18,5.95,26.1,20.2,36.4103,345.03,595.86,-,-,-,C,-0.06,97.27,[]
Poland,PL,PL,2022-12-13 00:20:19,2022-12-07,35.4158,206.2,17.18,9.25,10.3,1.1,36.4103,345.03,595.86,-,-,-,C,-0,97.27,[]
Poland,PL,PL,2022-12-13 00:20:25,2022-12-08,35.4047,206.2,17.17,6.99,18.2,11.2,36.4103,345.03,595.86,-,-,-,C,-0.03,97.24,[]
Poland,PL,PL,2022-12-13 00:20:29,2022-12-09,35.4103,206.2,17.17,24.96,19.4,-5.6,36.4103,345.03,595.86,-,-,-,C,0.02,97.25,[]
Poland,PL,PL,2022-12-13 00:20:32,2022-12-10,35.4595,206.2,17.2,61.8,12.6,-49.2,36.4103,345.03,595.86,-,-,-,C,0.14,97.39,[]
Poland,PL,PL,2022-12-13 00:20:22,2022-12-11,35.4771,206.2,17.21,35.64,18.0,-17.7,36.4103,345.03,595.86,-,-,-,C,0.05,97.44,[]
Poland,PL,PL,2022-12-13 09:00:24,2022-12-12,35.4566,206.2,17.2,0.0,20.5,20.5,36.4103,345.03,595.86,-,-,-,C,-0.06,97.38,[]
Poland,PL,PL,2022-12-14 08:20:16,2022-12-13,35.3832,206.2,17.16,0.0,73.5,73.5,36.4103,345.03,595.86,-,-,-,C,-0.2,97.18,[]
Poland,PL,PL,2022-12-15 08:40:19,2022-12-14,35.2491,206.2,17.09,0.0,134.1,134.1,36.4103,345.03,595.86,-,-,-,C,-0.37,96.81,[]
Poland,PL,PL,2022-12-16 08:51:26,2022-12-15,35.1362,206.2,17.04,1.54,114.4,112.9,36.4103,345.03,595.86,-,-,-,C,-0.31,96.5,[]
Poland,PL,PL,2022-12-17 08:00:30,2022-12-16,35.06,206.2,17.0,0.0,76.2,76.2,36.4103,345.03,595.86,-,-,-,C,-0.21,96.29,[]
Poland,PL,PL,2022-12-18 08:00:19,2022-12-17,35.0525,206.2,17.0,0.0,7.5,7.5,36.4103,345.03,595.86,-,-,-,C,-0.02,96.27,[]
Poland,PL,PL,2022-12-19 08:55:15,2022-12-18,35.0356,206.2,16.99,0.0,16.9,16.9,36.4103,345.03,595.86,-,-,-,C,-0.05,96.22,[]
Poland,PL,PL,2022-12-20 08:15:31,2022-12-19,34.963,206.2,16.96,0.0,72.6,72.6,36.4103,345.03,595.86,-,-,-,C,-0.2,96.02,[]
Poland,PL,PL,2022-12-21 07:55:19,2022-12-20,34.9357,206.2,16.94,13.48,40.7,27.2,36.4103,345.03,595.86,-,-,-,C,-0.07,95.95,[]
Poland,PL,PL,2022-12-22 08:06:23,2022-12-21,34.9075,206.2,16.93,0.0,28.2,28.2,36.4103,345.03,595.86,-,-,-,C,-0.08,95.87,[]
Poland,PL,PL,2022-12-23 08:35:48,2022-12-22,34.9311,206.2,16.94,28.66,5.1,-23.6,36.4103,345.03,595.86,-,-,-,C,0.06,95.94,[]
Poland,PL,PL,2022-12-24 07:35:17,2022-12-23,35.0134,206.2,16.98,92.42,10.1,-82.3,36.4103,345.03,595.86,-,-,-,C,0.23,96.16,[]
Poland,PL,PL,2022-12-25 08:15:44,2022-12-24,35.0238,206.2,16.99,35.34,24.9,-10.4,36.4103,345.03,595.86,-,-,-,C,0.03,96.19,[]
Poland,PL,PL,2022-12-26 09:06:26,2022-12-25,35.0653,206.2,17.01,41.45,0.0,-41.5,36.4103,345.03,595.86,-,-,-,C,0.11,96.31,[]
Poland,PL,PL,2022-12-28 10:30:15,2022-12-26,35.0735,206.2,17.01,35.52,27.3,-8.2,36.4103,345.03,595.86,-,-,-,C,0.02,96.33,[]
Poland,PL,PL,2022-12-28 08:00:30,2022-12-27,35.0979,206.2,17.02,37.27,12.8,-24.4,36.4103,345.03,595.86,-,-,-,C,0.07,96.4,[]
Poland,PL,PL,2022-12-29 08:40:38,2022-12-28,35.1085,206.2,17.03,28.76,18.2,-10.6,36.4103,345.03,595.86,-,-,-,C,0.03,96.42,[]
Poland,PL,PL,2022-12-30 08:40:17,2022-12-29,35.1478,206.2,17.05,39.3,0.0,-39.3,36.4103,345.03,595.86,-,-,-,C,0.11,96.53,[]
Poland,PL,PL,2022-12-31 07:50:12,2022-12-30,35.1665,206.2,17.05,35.55,16.8,-18.8,36.4103,345.03,595.86,-,-,-,C,0.05,96.58,[]
Poland,PL,PL,2023-01-11 04:10:04,2022-12-31,35.1531,206.2,17.05,36.33,49.7,13.4,36.4103,345.03,595.86,-,-,-,C,-0.04,96.55,[]
